<?xml version='1.0' encoding='UTF-8'?><feed xmlns:xsi='http://www.w3.org/2001/XMLSchema-instance' xsi:schemaLocation='http://www.w3.org/2005/Atom ../fhir-all-xsd/fhir-atom.xsd' xmlns='http://www.w3.org/2005/Atom'><title type='text'>Observation Feed</title><id>cid:feed</id><updated>2014-09-01T13:12:00Z</updated><entry><title type='text'>Patient</title><id>cid:patient</id><updated>2014-09-01T13:12:00Z</updated><content type='text/xml'>
    <Patient xmlns="http://hl7.org/fhir">
        <identifier>
            <system value="OHCP" />
            <value value="84568-4562" />
        </identifier>
    </Patient></content></entry><entry><title type='text'>Device</title><id>cid:device</id><updated>2014-09-01T13:12:00Z</updated><content type='text/xml'>
        <Device xmlns="http://hl7.org/fhir">
            <identifier>
                <system value="http://fhir.orionhealth.com/" />
                <value value="4E64C468-8E89-43B2-A50F-0B21541B7963" />
            </identifier>
            <type/>
        </Device></content></entry><entry><title type='text'>Observation #0</title><id>cid:obs0</id><updated>2014-09-01T13:12:00Z</updated><content type='text/xml'>
            <Observation xmlns="http://hl7.org/fhir">
                <applies value="2014-09-01T13:12:00Z" />
                <status value="final" />
                <reliability value="ok" />
                <subject>
                    <reference value="cid:patient" />
                </subject>
                <performer>
                    <reference value="cid:device" />
                </performer>
            </Observation></content></entry><entry><title type='text'>Observation #1</title><id>cid:obs1</id><updated>2014-09-01T13:12:00Z</updated><content type='text/xml'>
                <Observation xmlns="http://hl7.org/fhir">
                    <applies value="2014-09-01T12:55:20Z" />
                    <status value="final" />
                    <reliability value="ok" />
                    <subject>
                        <reference value="cid:patient" />
                    </subject>
                    <performer>
                        <reference value="cid:device" />
                    </performer>
                </Observation></content></entry><entry><title type='text'>Observation #2</title><id>cid:obs2</id><updated>2014-09-01T13:12:00Z</updated><content type='text/xml'>
                    <Observation xmlns="http://hl7.org/fhir">
                        <applies value="2014-09-01T12:38:40Z" />
                        <status value="final" />
                        <reliability value="ok" />
                        <subject>
                            <reference value="cid:patient" />
                        </subject>
                        <performer>
                            <reference value="cid:device" />
                        </performer>
                    </Observation></content></entry><entry><title type='text'>Observation #3</title><id>cid:obs3</id><updated>2014-09-01T13:12:00Z</updated><content type='text/xml'>
                        <Observation xmlns="http://hl7.org/fhir">
                            <applies value="2014-09-01T12:22:00Z" />
                            <status value="final" />
                            <reliability value="ok" />
                            <subject>
                                <reference value="cid:patient" />
                            </subject>
                            <performer>
                                <reference value="cid:device" />
                            </performer>
                        </Observation></content></entry><entry><title type='text'>Observation #4</title><id>cid:obs4</id><updated>2014-09-01T13:12:00Z</updated><content type='text/xml'>
                            <Observation xmlns="http://hl7.org/fhir">
                                <applies value="2014-09-01T12:05:20Z" />
                                <status value="final" />
                                <reliability value="ok" />
                                <subject>
                                    <reference value="cid:patient" />
                                </subject>
                                <performer>
                                    <reference value="cid:device" />
                                </performer>
                            </Observation></content></entry><entry><title type='text'>Observation #5</title><id>cid:obs5</id><updated>2014-09-01T13:12:00Z</updated><content type='text/xml'>
                                <Observation xmlns="http://hl7.org/fhir">
                                    <applies value="2014-09-01T11:48:40Z" />
                                    <status value="final" />
                                    <reliability value="ok" />
                                    <subject>
                                        <reference value="cid:patient" />
                                    </subject>
                                    <performer>
                                        <reference value="cid:device" />
                                    </performer>
                                </Observation></content></entry><entry><title type='text'>Observation #6</title><id>cid:obs6</id><updated>2014-09-01T13:12:00Z</updated><content type='text/xml'>
                                    <Observation xmlns="http://hl7.org/fhir">
                                        <applies value="2014-09-01T11:32:00Z" />
                                        <status value="final" />
                                        <reliability value="ok" />
                                        <subject>
                                            <reference value="cid:patient" />
                                        </subject>
                                        <performer>
                                            <reference value="cid:device" />
                                        </performer>
                                    </Observation></content></entry><entry><title type='text'>Observation #7</title><id>cid:obs7</id><updated>2014-09-01T13:12:00Z</updated><content type='text/xml'>
                                        <Observation xmlns="http://hl7.org/fhir">
                                            <applies value="2014-09-01T11:15:20Z" />
                                            <status value="final" />
                                            <reliability value="ok" />
                                            <subject>
                                                <reference value="cid:patient" />
                                            </subject>
                                            <performer>
                                                <reference value="cid:device" />
                                            </performer>
                                        </Observation></content></entry><entry><title type='text'>Observation #8</title><id>cid:obs8</id><updated>2014-09-01T13:12:00Z</updated><content type='text/xml'>
                                            <Observation xmlns="http://hl7.org/fhir">
                                                <applies value="2014-09-01T10:58:40Z" />
                                                <status value="final" />
                                                <reliability value="ok" />
                                                <subject>
                                                    <reference value="cid:patient" />
                                                </subject>
                                                <performer>
                                                    <reference value="cid:device" />
                                                </performer>
                                            </Observation></content></entry><entry><title type='text'>Observation #9</title><id>cid:obs9</id><updated>2014-09-01T13:12:00Z</updated><content type='text/xml'>
                                                <Observation xmlns="http://hl7.org/fhir">
                                                    <applies value="2014-09-01T10:42:00Z" />
                                                    <status value="final" />
                                                    <reliability value="ok" />
                                                    <subject>
                                                        <reference value="cid:patient" />
                                                    </subject>
                                                    <performer>
                                                        <reference value="cid:device" />
                                                    </performer>
                                                </Observation></content></entry><entry><title type='text'>Observation #10</title><id>cid:obs10</id><updated>2014-09-01T13:12:00Z</updated><content type='text/xml'>
                                                    <Observation xmlns="http://hl7.org/fhir">
                                                        <applies value="2014-09-01T10:25:20Z" />
                                                        <status value="final" />
                                                        <reliability value="ok" />
                                                        <subject>
                                                            <reference value="cid:patient" />
                                                        </subject>
                                                        <performer>
                                                            <reference value="cid:device" />
                                                        </performer>
                                                    </Observation></content></entry><entry><title type='text'>Observation #11</title><id>cid:obs11</id><updated>2014-09-01T13:12:00Z</updated><content type='text/xml'>
                                                        <Observation xmlns="http://hl7.org/fhir">
                                                            <applies value="2014-09-01T10:08:40Z" />
                                                            <status value="final" />
                                                            <reliability value="ok" />
                                                            <subject>
                                                                <reference value="cid:patient" />
                                                            </subject>
                                                            <performer>
                                                                <reference value="cid:device" />
                                                            </performer>
                                                        </Observation></content></entry><entry><title type='text'>Observation #12</title><id>cid:obs12</id><updated>2014-09-01T13:12:00Z</updated><content type='text/xml'>
                                                            <Observation xmlns="http://hl7.org/fhir">
                                                                <applies value="2014-09-01T09:52:00Z" />
                                                                <status value="final" />
                                                                <reliability value="ok" />
                                                                <subject>
                                                                    <reference value="cid:patient" />
                                                                </subject>
                                                                <performer>
                                                                    <reference value="cid:device" />
                                                                </performer>
                                                            </Observation></content></entry><entry><title type='text'>Observation #13</title><id>cid:obs13</id><updated>2014-09-01T13:12:00Z</updated><content type='text/xml'>
                                                                <Observation xmlns="http://hl7.org/fhir">
                                                                    <applies value="2014-09-01T09:35:20Z" />
                                                                    <status value="final" />
                                                                    <reliability value="ok" />
                                                                    <subject>
                                                                        <reference value="cid:patient" />
                                                                    </subject>
                                                                    <performer>
                                                                        <reference value="cid:device" />
                                                                    </performer>
                                                                </Observation></content></entry><entry><title type='text'>Observation #14</title><id>cid:obs14</id><updated>2014-09-01T13:12:00Z</updated><content type='text/xml'>
                                                                    <Observation xmlns="http://hl7.org/fhir">
                                                                        <applies value="2014-09-01T09:18:40Z" />
                                                                        <status value="final" />
                                                                        <reliability value="ok" />
                                                                        <subject>
                                                                            <reference value="cid:patient" />
                                                                        </subject>
                                                                        <performer>
                                                                            <reference value="cid:device" />
                                                                        </performer>
                                                                    </Observation></content></entry><entry><title type='text'>Observation #15</title><id>cid:obs15</id><updated>2014-09-01T13:12:00Z</updated><content type='text/xml'>
                                                                        <Observation xmlns="http://hl7.org/fhir">
                                                                            <applies value="2014-09-01T09:02:00Z" />
                                                                            <status value="final" />
                                                                            <reliability value="ok" />
                                                                            <subject>
                                                                                <reference value="cid:patient" />
                                                                            </subject>
                                                                            <performer>
                                                                                <reference value="cid:device" />
                                                                            </performer>
                                                                        </Observation></content></entry><entry><title type='text'>Observation #16</title><id>cid:obs16</id><updated>2014-09-01T13:12:00Z</updated><content type='text/xml'>
                                                                            <Observation xmlns="http://hl7.org/fhir">
                                                                                <applies value="2014-09-01T08:45:20Z" />
                                                                                <status value="final" />
                                                                                <reliability value="ok" />
                                                                                <subject>
                                                                                    <reference value="cid:patient" />
                                                                                </subject>
                                                                                <performer>
                                                                                    <reference value="cid:device" />
                                                                                </performer>
                                                                            </Observation></content></entry><entry><title type='text'>Observation #17</title><id>cid:obs17</id><updated>2014-09-01T13:12:00Z</updated><content type='text/xml'>
                                                                                <Observation xmlns="http://hl7.org/fhir">
                                                                                    <applies value="2014-09-01T08:28:40Z" />
                                                                                    <status value="final" />
                                                                                    <reliability value="ok" />
                                                                                    <subject>
                                                                                        <reference value="cid:patient" />
                                                                                    </subject>
                                                                                    <performer>
                                                                                        <reference value="cid:device" />
                                                                                    </performer>
                                                                                </Observation></content></entry><entry><title type='text'>Observation #18</title><id>cid:obs18</id><updated>2014-09-01T13:12:00Z</updated><content type='text/xml'>
                                                                                    <Observation xmlns="http://hl7.org/fhir">
                                                                                        <applies value="2014-09-01T08:12:00Z" />
                                                                                        <status value="final" />
                                                                                        <reliability value="ok" />
                                                                                        <subject>
                                                                                            <reference value="cid:patient" />
                                                                                        </subject>
                                                                                        <performer>
                                                                                            <reference value="cid:device" />
                                                                                        </performer>
                                                                                    </Observation></content></entry><entry><title type='text'>Observation #19</title><id>cid:obs19</id><updated>2014-09-01T13:12:00Z</updated><content type='text/xml'>
                                                                                        <Observation xmlns="http://hl7.org/fhir">
                                                                                            <applies value="2014-09-01T07:55:20Z" />
                                                                                            <status value="final" />
                                                                                            <reliability value="ok" />
                                                                                            <subject>
                                                                                                <reference value="cid:patient" />
                                                                                            </subject>
                                                                                            <performer>
                                                                                                <reference value="cid:device" />
                                                                                            </performer>
                                                                                        </Observation></content></entry><entry><title type='text'>Observation #20</title><id>cid:obs20</id><updated>2014-09-01T13:12:00Z</updated><content type='text/xml'>
                                                                                            <Observation xmlns="http://hl7.org/fhir">
                                                                                                <applies value="2014-09-01T07:38:40Z" />
                                                                                                <status value="final" />
                                                                                                <reliability value="ok" />
                                                                                                <subject>
                                                                                                    <reference value="cid:patient" />
                                                                                                </subject>
                                                                                                <performer>
                                                                                                    <reference value="cid:device" />
                                                                                                </performer>
                                                                                            </Observation></content></entry></feed>